Text,Type
A+,GRADE_LETTER
A,GRADE_LETTER
A-,GRADE_LETTER
B+,GRADE_LETTER
B,GRADE_LETTER
B-,GRADE_LETTER
C+,GRADE_LETTER
C,GRADE_LETTER
C-,GRADE_LETTER
D+,GRADE_LETTER
D,GRADE_LETTER
D-,GRADE_LETTER
F,GRADE_LETTER
A+,GRADE_LETTER
A,GRADE_LETTER
A-,GRADE_LETTER
B+,GRADE_LETTER
B,GRADE_LETTER
B-,GRADE_LETTER
C+,GRADE_LETTER
C,GRADE_LETTER
C-,GRADE_LETTER
D+,GRADE_LETTER
D,GRADE_LETTER
D-,GRADE_LETTER
F,GRADE_LETTER
A+,GRADE_LETTER
A,GRADE_LETTER
A-,GRADE_LETTER
B+,GRADE_LETTER
B,GRADE_LETTER
B-,GRADE_LETTER
C+,GRADE_LETTER
C,GRADE_LETTER
C-,GRADE_LETTER
D+,GRADE_LETTER
D,GRADE_LETTER
D-,GRADE_LETTER
F,GRADE_LETTER
A+,GRADE_LETTER
A,GRADE_LETTER
A-,GRADE_LETTER
B+,GRADE_LETTER
B,GRADE_LETTER
B-,GRADE_LETTER
C+,GRADE_LETTER
C,GRADE_LETTER
C-,GRADE_LETTER
D+,GRADE_LETTER
D,GRADE_LETTER
D-,GRADE_LETTER
F,GRADE_LETTER
A+,GRADE_LETTER
A,GRADE_LETTER
A-,GRADE_LETTER
B+,GRADE_LETTER
B,GRADE_LETTER
B-,GRADE_LETTER
C+,GRADE_LETTER
C,GRADE_LETTER
C-,GRADE_LETTER
D+,GRADE_LETTER
D,GRADE_LETTER
D-,GRADE_LETTER
F,GRADE_LETTER
A+,GRADE_LETTER
A,GRADE_LETTER
A-,GRADE_LETTER
B+,GRADE_LETTER
B,GRADE_LETTER
B-,GRADE_LETTER
C+,GRADE_LETTER
C,GRADE_LETTER
C-,GRADE_LETTER
D+,GRADE_LETTER
D,GRADE_LETTER
D-,GRADE_LETTER
F,GRADE_LETTER
A+,GRADE_LETTER
A,GRADE_LETTER
A-,GRADE_LETTER
B+,GRADE_LETTER
B,GRADE_LETTER
B-,GRADE_LETTER
C+,GRADE_LETTER
C,GRADE_LETTER
C-,GRADE_LETTER
D+,GRADE_LETTER
D,GRADE_LETTER
D-,GRADE_LETTER
F,GRADE_LETTER
A+,GRADE_LETTER
A,GRADE_LETTER
A-,GRADE_LETTER
B+,GRADE_LETTER
B,GRADE_LETTER
B-,GRADE_LETTER
C+,GRADE_LETTER
C,GRADE_LETTER
C-,GRADE_LETTER
D+,GRADE_LETTER
D,GRADE_LETTER
D-,GRADE_LETTER
F,GRADE_LETTER
A+,GRADE_LETTER
A,GRADE_LETTER
A-,GRADE_LETTER
B+,GRADE_LETTER
B,GRADE_LETTER
B-,GRADE_LETTER
C+,GRADE_LETTER
C,GRADE_LETTER
C-,GRADE_LETTER
D+,GRADE_LETTER
D,GRADE_LETTER
D-,GRADE_LETTER
F,GRADE_LETTER
A+,GRADE_LETTER
A,GRADE_LETTER
A-,GRADE_LETTER
B+,GRADE_LETTER
B,GRADE_LETTER
B-,GRADE_LETTER
C+,GRADE_LETTER
C,GRADE_LETTER
C-,GRADE_LETTER
D+,GRADE_LETTER
D,GRADE_LETTER
D-,GRADE_LETTER
F,GRADE_LETTER
A+,GRADE_LETTER
A,GRADE_LETTER
A-,GRADE_LETTER
B+,GRADE_LETTER
B,GRADE_LETTER
B-,GRADE_LETTER
C+,GRADE_LETTER
C,GRADE_LETTER
C-,GRADE_LETTER
D+,GRADE_LETTER
D,GRADE_LETTER
D-,GRADE_LETTER
F,GRADE_LETTER
A+,GRADE_LETTER
A,GRADE_LETTER
A-,GRADE_LETTER
B+,GRADE_LETTER
B,GRADE_LETTER
B-,GRADE_LETTER
C+,GRADE_LETTER
C,GRADE_LETTER
C-,GRADE_LETTER
D+,GRADE_LETTER
D,GRADE_LETTER
D-,GRADE_LETTER
F,GRADE_LETTER
A+,GRADE_LETTER
A,GRADE_LETTER
A-,GRADE_LETTER
B+,GRADE_LETTER
B,GRADE_LETTER
B-,GRADE_LETTER
C+,GRADE_LETTER
C,GRADE_LETTER
C-,GRADE_LETTER
D+,GRADE_LETTER
D,GRADE_LETTER
D-,GRADE_LETTER
F,GRADE_LETTER
A+,GRADE_LETTER
A,GRADE_LETTER
A-,GRADE_LETTER
B+,GRADE_LETTER
B,GRADE_LETTER
B-,GRADE_LETTER
C+,GRADE_LETTER
C,GRADE_LETTER
C-,GRADE_LETTER
D+,GRADE_LETTER
D,GRADE_LETTER
D-,GRADE_LETTER
F,GRADE_LETTER
A+,GRADE_LETTER
A,GRADE_LETTER
A-,GRADE_LETTER
B+,GRADE_LETTER
B,GRADE_LETTER
B-,GRADE_LETTER
C+,GRADE_LETTER
C,GRADE_LETTER
C-,GRADE_LETTER
D+,GRADE_LETTER
D,GRADE_LETTER
D-,GRADE_LETTER
F,GRADE_LETTER
A+,GRADE_LETTER
A,GRADE_LETTER
A-,GRADE_LETTER
B+,GRADE_LETTER
B,GRADE_LETTER
B-,GRADE_LETTER
C+,GRADE_LETTER
C,GRADE_LETTER
C-,GRADE_LETTER
D+,GRADE_LETTER
D,GRADE_LETTER
D-,GRADE_LETTER
F,GRADE_LETTER
A+,GRADE_LETTER
A,GRADE_LETTER
A-,GRADE_LETTER
B+,GRADE_LETTER
B,GRADE_LETTER
B-,GRADE_LETTER
C+,GRADE_LETTER
C,GRADE_LETTER
C-,GRADE_LETTER
D+,GRADE_LETTER
D,GRADE_LETTER
D-,GRADE_LETTER
F,GRADE_LETTER
A+,GRADE_LETTER
A,GRADE_LETTER
A-,GRADE_LETTER
B+,GRADE_LETTER
B,GRADE_LETTER
B-,GRADE_LETTER
C+,GRADE_LETTER
C,GRADE_LETTER
C-,GRADE_LETTER
D+,GRADE_LETTER
D,GRADE_LETTER
D-,GRADE_LETTER
F,GRADE_LETTER
A+,GRADE_LETTER
A,GRADE_LETTER
A-,GRADE_LETTER
B+,GRADE_LETTER
B,GRADE_LETTER
B-,GRADE_LETTER
C+,GRADE_LETTER
C,GRADE_LETTER
C-,GRADE_LETTER
D+,GRADE_LETTER
D,GRADE_LETTER
D-,GRADE_LETTER
F,GRADE_LETTER
ENGL101,COURSE
HIST101,COURSE
SOCI212,COURSE
HIST222,COURSE
IRLS210,COURSE
PHIL200,COURSE
LITR221,COURSE
CHFD220,COURSE
SCIN130,COURSE
ENGL102,COURSE
SOCI111,COURSE
CHFD342,COURSE
PSYC221,COURSE
PSYC324,COURSE
CHFD307,COURSE
CHFD308,COURSE
PSYC460,COURSE
PSYC102,COURSE
PSYC303,COURSE
PSYC304,COURSE
PSYC325,COURSE
PSYC406,COURSE
PSYC305,COURSE
SOCI332,COURSE
PSYC304,COURSE
PSYC325,COURSE
PSYC305,COURSE
PSYC305,COURSE
PSYC325,COURSE
COLL100,COURSE
HIST101,COURSE
ENGL101,COURSE
HIST101,COURSE
SOCI212,COURSE
HIST222,COURSE
IRLS210,COURSE
PHIL200,COURSE
LITR221,COURSE
CHFD220,COURSE
SCIN130,COURSE
ENGL102,COURSE
SOCI111,COURSE
CHFD342,COURSE
PSYC221,COURSE
PSYC324,COURSE
CHFD307,COURSE
CHFD308,COURSE
PSYC460,COURSE
PSYC102,COURSE
PSYC303,COURSE
PSYC304,COURSE
PSYC325,COURSE
PSYC406,COURSE
PSYC305,COURSE
SOCI332,COURSE
PSYC304,COURSE
PSYC325,COURSE
PSYC305,COURSE
PSYC305,COURSE
PSYC325,COURSE
COLL100,COURSE
HIST101,COURSE
ENGL101,COURSE
HIST101,COURSE
SOCI212,COURSE
HIST222,COURSE
IRLS210,COURSE
PHIL200,COURSE
LITR221,COURSE
CHFD220,COURSE
SCIN130,COURSE
ENGL102,COURSE
SOCI111,COURSE
CHFD342,COURSE
PSYC221,COURSE
PSYC324,COURSE
CHFD307,COURSE
CHFD308,COURSE
PSYC460,COURSE
PSYC102,COURSE
PSYC303,COURSE
PSYC304,COURSE
PSYC325,COURSE
PSYC406,COURSE
PSYC305,COURSE
SOCI332,COURSE
PSYC304,COURSE
PSYC325,COURSE
PSYC305,COURSE
PSYC305,COURSE
PSYC325,COURSE
COLL100,COURSE
HIST101,COURSE
ENGL101,COURSE
HIST101,COURSE
SOCI212,COURSE
HIST222,COURSE
IRLS210,COURSE
PHIL200,COURSE
LITR221,COURSE
CHFD220,COURSE
SCIN130,COURSE
ENGL102,COURSE
SOCI111,COURSE
CHFD342,COURSE
PSYC221,COURSE
PSYC324,COURSE
CHFD307,COURSE
CHFD308,COURSE
PSYC460,COURSE
PSYC102,COURSE
PSYC303,COURSE
PSYC304,COURSE
PSYC325,COURSE
PSYC406,COURSE
PSYC305,COURSE
SOCI332,COURSE
PSYC304,COURSE
PSYC325,COURSE
PSYC305,COURSE
PSYC305,COURSE
PSYC325,COURSE
COLL100,COURSE
HIST101,COURSE
ENGL101,COURSE
HIST101,COURSE
SOCI212,COURSE
HIST222,COURSE
IRLS210,COURSE
PHIL200,COURSE
LITR221,COURSE
CHFD220,COURSE
SCIN130,COURSE
ENGL102,COURSE
SOCI111,COURSE
CHFD342,COURSE
PSYC221,COURSE
PSYC324,COURSE
CHFD307,COURSE
CHFD308,COURSE
PSYC460,COURSE
PSYC102,COURSE
PSYC303,COURSE
PSYC304,COURSE
PSYC325,COURSE
PSYC406,COURSE
PSYC305,COURSE
SOCI332,COURSE
PSYC304,COURSE
PSYC325,COURSE
PSYC305,COURSE
PSYC305,COURSE
PSYC325,COURSE
COLL100,COURSE
HIST101,COURSE
ENGL101,COURSE
HIST101,COURSE
SOCI212,COURSE
HIST222,COURSE
IRLS210,COURSE
PHIL200,COURSE
LITR221,COURSE
CHFD220,COURSE
SCIN130,COURSE
ENGL102,COURSE
SOCI111,COURSE
CHFD342,COURSE
PSYC221,COURSE
PSYC324,COURSE
CHFD307,COURSE
CHFD308,COURSE
PSYC460,COURSE
PSYC102,COURSE
PSYC303,COURSE
PSYC304,COURSE
PSYC325,COURSE
PSYC406,COURSE
PSYC305,COURSE
SOCI332,COURSE
PSYC304,COURSE
PSYC325,COURSE
PSYC305,COURSE
PSYC305,COURSE
PSYC325,COURSE
COLL100,COURSE
HIST101,COURSE
ENGL101,COURSE
HIST101,COURSE
SOCI212,COURSE
HIST222,COURSE
IRLS210,COURSE
PHIL200,COURSE
LITR221,COURSE
CHFD220,COURSE
SCIN130,COURSE
ENGL102,COURSE
SOCI111,COURSE
CHFD342,COURSE
PSYC221,COURSE
PSYC324,COURSE
CHFD307,COURSE
CHFD308,COURSE
PSYC460,COURSE
PSYC102,COURSE
PSYC303,COURSE
PSYC304,COURSE
PSYC325,COURSE
PSYC406,COURSE
PSYC305,COURSE
SOCI332,COURSE
PSYC304,COURSE
PSYC325,COURSE
PSYC305,COURSE
PSYC305,COURSE
PSYC325,COURSE
COLL100,COURSE
HIST101,COURSE
ENGL101,COURSE
HIST101,COURSE
SOCI212,COURSE
HIST222,COURSE
IRLS210,COURSE
PHIL200,COURSE
LITR221,COURSE
CHFD220,COURSE
SCIN130,COURSE
ENGL102,COURSE
SOCI111,COURSE
CHFD342,COURSE
PSYC221,COURSE
PSYC324,COURSE
CHFD307,COURSE
CHFD308,COURSE
PSYC460,COURSE
PSYC102,COURSE
PSYC303,COURSE
PSYC304,COURSE
PSYC325,COURSE
PSYC406,COURSE
PSYC305,COURSE
SOCI332,COURSE
PSYC304,COURSE
PSYC325,COURSE
PSYC305,COURSE
PSYC305,COURSE
PSYC325,COURSE
COLL100,COURSE
HIST101,COURSE
ENGL101,COURSE
HIST101,COURSE
SOCI212,COURSE
HIST222,COURSE
IRLS210,COURSE
PHIL200,COURSE
LITR221,COURSE
CHFD220,COURSE
SCIN130,COURSE
ENGL102,COURSE
SOCI111,COURSE
CHFD342,COURSE
PSYC221,COURSE
PSYC324,COURSE
CHFD307,COURSE
CHFD308,COURSE
PSYC460,COURSE
PSYC102,COURSE
PSYC303,COURSE
PSYC304,COURSE
PSYC325,COURSE
PSYC406,COURSE
PSYC305,COURSE
SOCI332,COURSE
PSYC304,COURSE
PSYC325,COURSE
PSYC305,COURSE
PSYC305,COURSE
PSYC325,COURSE
COLL100,COURSE
HIST101,COURSE
ENGL101,COURSE
HIST101,COURSE
SOCI212,COURSE
HIST222,COURSE
IRLS210,COURSE
PHIL200,COURSE
LITR221,COURSE
CHFD220,COURSE
SCIN130,COURSE
ENGL102,COURSE
SOCI111,COURSE
CHFD342,COURSE
PSYC221,COURSE
PSYC324,COURSE
CHFD307,COURSE
CHFD308,COURSE
PSYC460,COURSE
PSYC102,COURSE
PSYC303,COURSE
PSYC304,COURSE
PSYC325,COURSE
PSYC406,COURSE
PSYC305,COURSE
SOCI332,COURSE
PSYC304,COURSE
PSYC325,COURSE
PSYC305,COURSE
PSYC305,COURSE
PSYC325,COURSE
COLL100,COURSE
HIST101,COURSE
ENGL101,COURSE
HIST101,COURSE
SOCI212,COURSE
HIST222,COURSE
IRLS210,COURSE
PHIL200,COURSE
LITR221,COURSE
CHFD220,COURSE
SCIN130,COURSE
ENGL102,COURSE
SOCI111,COURSE
CHFD342,COURSE
PSYC221,COURSE
PSYC324,COURSE
CHFD307,COURSE
CHFD308,COURSE
PSYC460,COURSE
PSYC102,COURSE
PSYC303,COURSE
PSYC304,COURSE
PSYC325,COURSE
PSYC406,COURSE
PSYC305,COURSE
SOCI332,COURSE
PSYC304,COURSE
PSYC325,COURSE
PSYC305,COURSE
PSYC305,COURSE
PSYC325,COURSE
COLL100,COURSE
HIST101,COURSE
ENGL101,COURSE
HIST101,COURSE
SOCI212,COURSE
HIST222,COURSE
IRLS210,COURSE
PHIL200,COURSE
LITR221,COURSE
CHFD220,COURSE
SCIN130,COURSE
ENGL102,COURSE
SOCI111,COURSE
CHFD342,COURSE
PSYC221,COURSE
PSYC324,COURSE
CHFD307,COURSE
CHFD308,COURSE
PSYC460,COURSE
PSYC102,COURSE
PSYC303,COURSE
PSYC304,COURSE
PSYC325,COURSE
PSYC406,COURSE
PSYC305,COURSE
SOCI332,COURSE
PSYC304,COURSE
PSYC325,COURSE
PSYC305,COURSE
PSYC305,COURSE
PSYC325,COURSE
COLL100,COURSE
HIST101,COURSE
ENGL101,COURSE
HIST101,COURSE
SOCI212,COURSE
HIST222,COURSE
IRLS210,COURSE
PHIL200,COURSE
LITR221,COURSE
CHFD220,COURSE
SCIN130,COURSE
ENGL102,COURSE
SOCI111,COURSE
CHFD342,COURSE
PSYC221,COURSE
PSYC324,COURSE
CHFD307,COURSE
CHFD308,COURSE
PSYC460,COURSE
PSYC102,COURSE
PSYC303,COURSE
PSYC304,COURSE
PSYC325,COURSE
PSYC406,COURSE
PSYC305,COURSE
SOCI332,COURSE
PSYC304,COURSE
PSYC325,COURSE
PSYC305,COURSE
PSYC305,COURSE
PSYC325,COURSE
COLL100,COURSE
HIST101,COURSE
PHE1000,CCAF_COURSE
ATC1403,CCAF_COURSE
ATC1405,CCAF_COURSE
ATC1408,CCAF_COURSE
MRD1300,CCAF_COURSE
NUR1324,CCAF_COURSE
NUR1339,CCAF_COURSE
NUR1338,CCAF_COURSE
NUR1339,CCAF_COURSE
NUR1104,CCAF_COURSE
LMM1101,CCAF_COURSE
LMM1102,CCAF_COURSE
LMM1103,CCAF_COURSE
INT5000,CCAF_COURSE
INT7000,CCAF_COURSE
PHE 1000,CCAF_COURSE
LAW1801,CCAF_COURSE
LAW1802,CCAF_COURSE
LAW1807,CCAF_COURSE
LAW2814,CCAF_COURSE
LAW2832,CCAF_COURSE
SEC1803,CCAF_COURSE
SEC1826,CCAF_COURSE
LMM1112,CCAF_COURSE
INT5000,CCAF_COURSE
INT7000,CCAF_COURSE
LMM2121,CCAF_COURSE
LMM2122,CCAF_COURSE
LMM2123,CCAF_COURSE
PHE1000,CCAF_COURSE
ATC1403,CCAF_COURSE
ATC1405,CCAF_COURSE
ATC1408,CCAF_COURSE
MRD1300,CCAF_COURSE
NUR1324,CCAF_COURSE
NUR1339,CCAF_COURSE
NUR1338,CCAF_COURSE
NUR1339,CCAF_COURSE
NUR1104,CCAF_COURSE
LMM1101,CCAF_COURSE
LMM1102,CCAF_COURSE
LMM1103,CCAF_COURSE
INT5000,CCAF_COURSE
INT7000,CCAF_COURSE
PHE 1000,CCAF_COURSE
LAW1801,CCAF_COURSE
LAW1802,CCAF_COURSE
LAW1807,CCAF_COURSE
LAW2814,CCAF_COURSE
LAW2832,CCAF_COURSE
SEC1803,CCAF_COURSE
SEC1826,CCAF_COURSE
LMM1112,CCAF_COURSE
INT5000,CCAF_COURSE
INT7000,CCAF_COURSE
LMM2121,CCAF_COURSE
LMM2122,CCAF_COURSE
LMM2123,CCAF_COURSE
LMM2124,CCAF_COURSE
PHE1000,CCAF_COURSE
ATC1403,CCAF_COURSE
ATC1405,CCAF_COURSE
ATC1408,CCAF_COURSE
MRD1300,CCAF_COURSE
NUR1324,CCAF_COURSE
NUR1339,CCAF_COURSE
NUR1338,CCAF_COURSE
NUR1339,CCAF_COURSE
NUR1104,CCAF_COURSE
LMM1101,CCAF_COURSE
LMM1102,CCAF_COURSE
LMM1103,CCAF_COURSE
INT5000,CCAF_COURSE
INT7000,CCAF_COURSE
PHE 1000,CCAF_COURSE
LAW1801,CCAF_COURSE
LAW1802,CCAF_COURSE
LAW1807,CCAF_COURSE
LAW2814,CCAF_COURSE
LAW2832,CCAF_COURSE
SEC1803,CCAF_COURSE
SEC1826,CCAF_COURSE
LMM1112,CCAF_COURSE
INT5000,CCAF_COURSE
INT7000,CCAF_COURSE
LMM2121,CCAF_COURSE
LMM2122,CCAF_COURSE
LMM2123,CCAF_COURSE
LMM2124,CCAF_COURSE
PHE1000,CCAF_COURSE
ATC1403,CCAF_COURSE
ATC1405,CCAF_COURSE
ATC1408,CCAF_COURSE
MRD1300,CCAF_COURSE
NUR1324,CCAF_COURSE
NUR1339,CCAF_COURSE
NUR1338,CCAF_COURSE
NUR1339,CCAF_COURSE
NUR1104,CCAF_COURSE
LMM1101,CCAF_COURSE
LMM1102,CCAF_COURSE
LMM1103,CCAF_COURSE
INT5000,CCAF_COURSE
INT7000,CCAF_COURSE
PHE 1000,CCAF_COURSE
LAW1801,CCAF_COURSE
LAW1802,CCAF_COURSE
LAW1807,CCAF_COURSE
LAW2814,CCAF_COURSE
LAW2832,CCAF_COURSE
SEC1803,CCAF_COURSE
SEC1826,CCAF_COURSE
LMM1112,CCAF_COURSE
INT5000,CCAF_COURSE
INT7000,CCAF_COURSE
LMM2121,CCAF_COURSE
LMM2122,CCAF_COURSE
LMM2123,CCAF_COURSE
LMM2124,CCAF_COURSE
PHE1000,CCAF_COURSE
ATC1403,CCAF_COURSE
ATC1405,CCAF_COURSE
ATC1408,CCAF_COURSE
MRD1300,CCAF_COURSE
NUR1324,CCAF_COURSE
NUR1339,CCAF_COURSE
NUR1338,CCAF_COURSE
NUR1339,CCAF_COURSE
NUR1104,CCAF_COURSE
LMM1101,CCAF_COURSE
LMM1102,CCAF_COURSE
LMM1103,CCAF_COURSE
INT5000,CCAF_COURSE
INT7000,CCAF_COURSE
PHE 1000,CCAF_COURSE
LAW1801,CCAF_COURSE
LAW1802,CCAF_COURSE
LAW1807,CCAF_COURSE
LAW2814,CCAF_COURSE
LAW2832,CCAF_COURSE
SEC1803,CCAF_COURSE
SEC1826,CCAF_COURSE
LMM1112,CCAF_COURSE
INT5000,CCAF_COURSE
INT7000,CCAF_COURSE
LMM2121,CCAF_COURSE
LMM2122,CCAF_COURSE
LMM2123,CCAF_COURSE
LMM2124,CCAF_COURSE
PHE1000,CCAF_COURSE
ATC1403,CCAF_COURSE
ATC1405,CCAF_COURSE
ATC1408,CCAF_COURSE
MRD1300,CCAF_COURSE
NUR1324,CCAF_COURSE
NUR1339,CCAF_COURSE
NUR1338,CCAF_COURSE
NUR1339,CCAF_COURSE
NUR1104,CCAF_COURSE
LMM1101,CCAF_COURSE
LMM1102,CCAF_COURSE
LMM1103,CCAF_COURSE
INT5000,CCAF_COURSE
INT7000,CCAF_COURSE
PHE 1000,CCAF_COURSE
LAW1801,CCAF_COURSE
LAW1802,CCAF_COURSE
LAW1807,CCAF_COURSE
LAW2814,CCAF_COURSE
LAW2832,CCAF_COURSE
SEC1803,CCAF_COURSE
SEC1826,CCAF_COURSE
LMM1112,CCAF_COURSE
INT5000,CCAF_COURSE
INT7000,CCAF_COURSE
LMM2121,CCAF_COURSE
LMM2122,CCAF_COURSE
LMM2123,CCAF_COURSE
LMM2124,CCAF_COURSE
PHE1000,CCAF_COURSE
ATC1403,CCAF_COURSE
ATC1405,CCAF_COURSE
ATC1408,CCAF_COURSE
MRD1300,CCAF_COURSE
NUR1324,CCAF_COURSE
NUR1339,CCAF_COURSE
NUR1338,CCAF_COURSE
NUR1339,CCAF_COURSE
NUR1104,CCAF_COURSE
LMM1101,CCAF_COURSE
LMM1102,CCAF_COURSE
LMM1103,CCAF_COURSE
INT5000,CCAF_COURSE
INT7000,CCAF_COURSE
PHE 1000,CCAF_COURSE
LAW1801,CCAF_COURSE
LAW1802,CCAF_COURSE
LAW1807,CCAF_COURSE
LAW2814,CCAF_COURSE
LAW2832,CCAF_COURSE
SEC1803,CCAF_COURSE
SEC1826,CCAF_COURSE
LMM1112,CCAF_COURSE
INT5000,CCAF_COURSE
INT7000,CCAF_COURSE
LMM2121,CCAF_COURSE
LMM2122,CCAF_COURSE
LMM2123,CCAF_COURSE
LMM2124,CCAF_COURSE
PHE1000,CCAF_COURSE
ATC1403,CCAF_COURSE
ATC1405,CCAF_COURSE
ATC1408,CCAF_COURSE
MRD1300,CCAF_COURSE
NUR1324,CCAF_COURSE
NUR1339,CCAF_COURSE
NUR1338,CCAF_COURSE
NUR1339,CCAF_COURSE
NUR1104,CCAF_COURSE
LMM1101,CCAF_COURSE
LMM1102,CCAF_COURSE
LMM1103,CCAF_COURSE
INT5000,CCAF_COURSE
INT7000,CCAF_COURSE
PHE 1000,CCAF_COURSE
LAW1801,CCAF_COURSE
LAW1802,CCAF_COURSE
LAW1807,CCAF_COURSE
LAW2814,CCAF_COURSE
LAW2832,CCAF_COURSE
SEC1803,CCAF_COURSE
SEC1826,CCAF_COURSE
LMM1112,CCAF_COURSE
INT5000,CCAF_COURSE
INT7000,CCAF_COURSE
LMM2121,CCAF_COURSE
LMM2122,CCAF_COURSE
LMM2123,CCAF_COURSE
LMM2124,CCAF_COURSE
RS-430V,COURSE
NRS-430V,COURSE
NRS-430V,COURSE
NRS-429V,COURSE
NRS-429V,COURSE
NRS-434V,COURSE
NRS-434V,COURSE
NRS-427V,COURSE
NRS-427V,COURSE
HLT-362V,COURSE
HLT-362V,COURSE
NRS-433V,COURSE
NRS-433V,COURSE
NRS-410V,COURSE
NRS-410V,COURSE
NRS-410V,COURSE
NRS-410V,COURSE
NRS-451VN,COURSE
NRS-451VN,COURSE
NRS-44OVN,COURSE
NRS-44OVN,COURSE
NRS-490,COURSE
GRAND CANYON UNIVERSITY,UNIVERSITY_NAME
Ultimate Medical Academy Online,UNIVERSITY_NAME
American Public University,UNIVERSITY_NAME
American Military University,UNIVERSITY_NAME
GRAND CANYON UNIVERSITY,UNIVERSITY_NAME
Ultimate Medical Academy Online,UNIVERSITY_NAME
American Public University,UNIVERSITY_NAME
American Military University,UNIVERSITY_NAME
GRAND CANYON UNIVERSITY,UNIVERSITY_NAME
Ultimate Medical Academy Online,UNIVERSITY_NAME
American Public University,UNIVERSITY_NAME
American Military University,UNIVERSITY_NAME
GRAND CANYON UNIVERSITY,UNIVERSITY_NAME
Ultimate Medical Academy Online,UNIVERSITY_NAME
American Public University,UNIVERSITY_NAME
American Military University,UNIVERSITY_NAME
GRAND CANYON UNIVERSITY,UNIVERSITY_NAME
Ultimate Medical Academy Online,UNIVERSITY_NAME
American Public University,UNIVERSITY_NAME
American Military University,UNIVERSITY_NAME
GRAND CANYON UNIVERSITY,UNIVERSITY_NAME
Ultimate Medical Academy Online,UNIVERSITY_NAME
American Public University,UNIVERSITY_NAME
American Military University,UNIVERSITY_NAME
GRAND CANYON UNIVERSITY,UNIVERSITY_NAME
Ultimate Medical Academy Online,UNIVERSITY_NAME
American Public University,UNIVERSITY_NAME
American Military University,UNIVERSITY_NAME
GRAND CANYON UNIVERSITY,UNIVERSITY_NAME
Ultimate Medical Academy Online,UNIVERSITY_NAME
American Public University,UNIVERSITY_NAME
American Military University,UNIVERSITY_NAME
GRAND CANYON UNIVERSITY,UNIVERSITY_NAME
Ultimate Medical Academy Online,UNIVERSITY_NAME
American Public University,UNIVERSITY_NAME
American Military University,UNIVERSITY_NAME
GRAND CANYON UNIVERSITY,UNIVERSITY_NAME
Ultimate Medical Academy Online,UNIVERSITY_NAME
American Public University,UNIVERSITY_NAME
American Military University,UNIVERSITY_NAME
GRAND CANYON UNIVERSITY,UNIVERSITY_NAME
Ultimate Medical Academy Online,UNIVERSITY_NAME
American Public University,UNIVERSITY_NAME
American Military University,UNIVERSITY_NAME
GRAND CANYON UNIVERSITY,UNIVERSITY_NAME
Ultimate Medical Academy Online,UNIVERSITY_NAME
American Public University,UNIVERSITY_NAME
American Military University,UNIVERSITY_NAME
GRAND CANYON UNIVERSITY,UNIVERSITY_NAME
Ultimate Medical Academy Online,UNIVERSITY_NAME
American Public University,UNIVERSITY_NAME
American Military University,UNIVERSITY_NAME
GRAND CANYON UNIVERSITY,UNIVERSITY_NAME
Ultimate Medical Academy Online,UNIVERSITY_NAME
American Public University,UNIVERSITY_NAME
American Military University,UNIVERSITY_NAME
GRAND CANYON UNIVERSITY,UNIVERSITY_NAME
Ultimate Medical Academy Online,UNIVERSITY_NAME
American Public University,UNIVERSITY_NAME
American Military University,UNIVERSITY_NAME
GRAND CANYON UNIVERSITY,UNIVERSITY_NAME
Ultimate Medical Academy Online,UNIVERSITY_NAME
American Public University,UNIVERSITY_NAME
American Military University,UNIVERSITY_NAME
GRAND CANYON UNIVERSITY,UNIVERSITY_NAME
Ultimate Medical Academy Online,UNIVERSITY_NAME
American Public University,UNIVERSITY_NAME
American Military University,UNIVERSITY_NAME
GRAND CANYON UNIVERSITY,UNIVERSITY_NAME
Ultimate Medical Academy Online,UNIVERSITY_NAME
American Public University,UNIVERSITY_NAME
American Military University,UNIVERSITY_NAME
GRAND CANYON UNIVERSITY,UNIVERSITY_NAME
Ultimate Medical Academy Online,UNIVERSITY_NAME
American Public University,UNIVERSITY_NAME
American Military University,UNIVERSITY_NAME
GRAND CANYON UNIVERSITY,UNIVERSITY_NAME
Ultimate Medical Academy Online,UNIVERSITY_NAME
American Public University,UNIVERSITY_NAME
American Military University,UNIVERSITY_NAME
GRAND CANYON UNIVERSITY,UNIVERSITY_NAME
Ultimate Medical Academy Online,UNIVERSITY_NAME
American Public University,UNIVERSITY_NAME
American Military University,UNIVERSITY_NAME
GRAND CANYON UNIVERSITY,UNIVERSITY_NAME
Ultimate Medical Academy Online,UNIVERSITY_NAME
American Public University,UNIVERSITY_NAME
American Military University,UNIVERSITY_NAME
GRAND CANYON UNIVERSITY,UNIVERSITY_NAME
Ultimate Medical Academy Online,UNIVERSITY_NAME
American Public University,UNIVERSITY_NAME
American Military University,UNIVERSITY_NAME
GRAND CANYON UNIVERSITY,UNIVERSITY_NAME
Ultimate Medical Academy Online,UNIVERSITY_NAME
American Public University,UNIVERSITY_NAME
American Military University,UNIVERSITY_NAME
GRAND CANYON UNIVERSITY,UNIVERSITY_NAME
Ultimate Medical Academy Online,UNIVERSITY_NAME
American Public University,UNIVERSITY_NAME
American Military University,UNIVERSITY_NAME
GRAND CANYON UNIVERSITY,UNIVERSITY_NAME
Ultimate Medical Academy Online,UNIVERSITY_NAME
American Public University,UNIVERSITY_NAME
American Military University,UNIVERSITY_NAME
GRAND CANYON UNIVERSITY,UNIVERSITY_NAME
Ultimate Medical Academy Online,UNIVERSITY_NAME
American Public University,UNIVERSITY_NAME
American Military University,UNIVERSITY_NAME
GRAND CANYON UNIVERSITY,UNIVERSITY_NAME
Ultimate Medical Academy Online,UNIVERSITY_NAME
American Public University,UNIVERSITY_NAME
American Military University,UNIVERSITY_NAME
GRAND CANYON UNIVERSITY,UNIVERSITY_NAME
Ultimate Medical Academy Online,UNIVERSITY_NAME
American Public University,UNIVERSITY_NAME
American Military University,UNIVERSITY_NAME
GRAND CANYON UNIVERSITY,UNIVERSITY_NAME
Ultimate Medical Academy Online,UNIVERSITY_NAME
American Public University,UNIVERSITY_NAME
American Military University,UNIVERSITY_NAME
GRAND CANYON UNIVERSITY,UNIVERSITY_NAME
Ultimate Medical Academy Online,UNIVERSITY_NAME
American Public University,UNIVERSITY_NAME
American Military University,UNIVERSITY_NAME
GRAND CANYON UNIVERSITY,UNIVERSITY_NAME
Ultimate Medical Academy Online,UNIVERSITY_NAME
American Public University,UNIVERSITY_NAME
American Military University,UNIVERSITY_NAME
GRAND CANYON UNIVERSITY,UNIVERSITY_NAME
Ultimate Medical Academy Online,UNIVERSITY_NAME
American Public University,UNIVERSITY_NAME
American Military University,UNIVERSITY_NAME
GRAND CANYON UNIVERSITY,UNIVERSITY_NAME
Ultimate Medical Academy Online,UNIVERSITY_NAME
American Public University,UNIVERSITY_NAME
American Military University,UNIVERSITY_NAME
GRAND CANYON UNIVERSITY,UNIVERSITY_NAME
Ultimate Medical Academy Online,UNIVERSITY_NAME
American Public University,UNIVERSITY_NAME
American Military University,UNIVERSITY_NAME
GRAND CANYON UNIVERSITY,UNIVERSITY_NAME
Ultimate Medical Academy Online,UNIVERSITY_NAME
American Public University,UNIVERSITY_NAME
American Military University,UNIVERSITY_NAME
GRAND CANYON UNIVERSITY,UNIVERSITY_NAME
Ultimate Medical Academy Online,UNIVERSITY_NAME
American Public University,UNIVERSITY_NAME
American Military University,UNIVERSITY_NAME
GRAND CANYON UNIVERSITY,UNIVERSITY_NAME
Ultimate Medical Academy Online,UNIVERSITY_NAME
American Public University,UNIVERSITY_NAME
American Military University,UNIVERSITY_NAME
GRAND CANYON UNIVERSITY,UNIVERSITY_NAME
Ultimate Medical Academy Online,UNIVERSITY_NAME
American Public University,UNIVERSITY_NAME
American Military University,UNIVERSITY_NAME
GRAND CANYON UNIVERSITY,UNIVERSITY_NAME
Ultimate Medical Academy Online,UNIVERSITY_NAME
American Public University,UNIVERSITY_NAME
American Military University,UNIVERSITY_NAME
GRAND CANYON UNIVERSITY,UNIVERSITY_NAME
Ultimate Medical Academy Online,UNIVERSITY_NAME
American Public University,UNIVERSITY_NAME
American Military University,UNIVERSITY_NAME
GRAND CANYON UNIVERSITY,UNIVERSITY_NAME
Ultimate Medical Academy Online,UNIVERSITY_NAME
American Public University,UNIVERSITY_NAME
American Military University,UNIVERSITY_NAME
GRAND CANYON UNIVERSITY,UNIVERSITY_NAME
Ultimate Medical Academy Online,UNIVERSITY_NAME
American Public University,UNIVERSITY_NAME
American Military University,UNIVERSITY_NAME
GRAND CANYON UNIVERSITY,UNIVERSITY_NAME
Ultimate Medical Academy Online,UNIVERSITY_NAME
American Public University,UNIVERSITY_NAME
American Military University,UNIVERSITY_NAME
GRAND CANYON UNIVERSITY,UNIVERSITY_NAME
Ultimate Medical Academy Online,UNIVERSITY_NAME
American Public University,UNIVERSITY_NAME
American Military University,UNIVERSITY_NAME
GRAND CANYON UNIVERSITY,UNIVERSITY_NAME
Ultimate Medical Academy Online,UNIVERSITY_NAME
American Public University,UNIVERSITY_NAME
American Military University,UNIVERSITY_NAME
GRAND CANYON UNIVERSITY,UNIVERSITY_NAME
Ultimate Medical Academy Online,UNIVERSITY_NAME
American Public University,UNIVERSITY_NAME
American Military University,UNIVERSITY_NAME
GRAND CANYON UNIVERSITY,UNIVERSITY_NAME
Ultimate Medical Academy Online,UNIVERSITY_NAME
American Public University,UNIVERSITY_NAME
American Military University,UNIVERSITY_NAME
GRAND CANYON UNIVERSITY,UNIVERSITY_NAME
Ultimate Medical Academy Online,UNIVERSITY_NAME
American Public University,UNIVERSITY_NAME
American Military University,UNIVERSITY_NAME
GRAND CANYON UNIVERSITY,UNIVERSITY_NAME
Ultimate Medical Academy Online,UNIVERSITY_NAME
American Public University,UNIVERSITY_NAME
American Military University,UNIVERSITY_NAME
GRAND CANYON UNIVERSITY,UNIVERSITY_NAME
Ultimate Medical Academy Online,UNIVERSITY_NAME
American Public University,UNIVERSITY_NAME
American Military University,UNIVERSITY_NAME
GRAND CANYON UNIVERSITY,UNIVERSITY_NAME
Ultimate Medical Academy Online,UNIVERSITY_NAME
American Public University,UNIVERSITY_NAME
American Military University,UNIVERSITY_NAME
GRAND CANYON UNIVERSITY,UNIVERSITY_NAME
Ultimate Medical Academy Online,UNIVERSITY_NAME
American Public University,UNIVERSITY_NAME
American Military University,UNIVERSITY_NAME
GRAND CANYON UNIVERSITY,UNIVERSITY_NAME
Ultimate Medical Academy Online,UNIVERSITY_NAME
American Public University,UNIVERSITY_NAME
American Military University,UNIVERSITY_NAME
GRAND CANYON UNIVERSITY,UNIVERSITY_NAME
Ultimate Medical Academy Online,UNIVERSITY_NAME
American Public University,UNIVERSITY_NAME
American Military University,UNIVERSITY_NAME
GRAND CANYON UNIVERSITY,UNIVERSITY_NAME
Ultimate Medical Academy Online,UNIVERSITY_NAME
American Public University,UNIVERSITY_NAME
American Military University,UNIVERSITY_NAME
GRAND CANYON UNIVERSITY,UNIVERSITY_NAME
Ultimate Medical Academy Online,UNIVERSITY_NAME
American Public University,UNIVERSITY_NAME
American Military University,UNIVERSITY_NAME
GRAND CANYON UNIVERSITY,UNIVERSITY_NAME
Ultimate Medical Academy Online,UNIVERSITY_NAME
American Public University,UNIVERSITY_NAME
American Military University,UNIVERSITY_NAME
GRAND CANYON UNIVERSITY,UNIVERSITY_NAME
Ultimate Medical Academy Online,UNIVERSITY_NAME
American Public University,UNIVERSITY_NAME
American Military University,UNIVERSITY_NAME
GRAND CANYON UNIVERSITY,UNIVERSITY_NAME
Ultimate Medical Academy Online,UNIVERSITY_NAME
American Public University,UNIVERSITY_NAME
American Military University,UNIVERSITY_NAME
GRAND CANYON UNIVERSITY,UNIVERSITY_NAME
Ultimate Medical Academy Online,UNIVERSITY_NAME
American Public University,UNIVERSITY_NAME
American Military University,UNIVERSITY_NAME
GRAND CANYON UNIVERSITY,UNIVERSITY_NAME
Ultimate Medical Academy Online,UNIVERSITY_NAME
American Public University,UNIVERSITY_NAME
American Military University,UNIVERSITY_NAME
GRAND CANYON UNIVERSITY,UNIVERSITY_NAME
Ultimate Medical Academy Online,UNIVERSITY_NAME
American Public University,UNIVERSITY_NAME
American Military University,UNIVERSITY_NAME
GRAND CANYON UNIVERSITY,UNIVERSITY_NAME
Ultimate Medical Academy Online,UNIVERSITY_NAME
American Public University,UNIVERSITY_NAME
American Military University,UNIVERSITY_NAME
GRAND CANYON UNIVERSITY,UNIVERSITY_NAME
Ultimate Medical Academy Online,UNIVERSITY_NAME
American Public University,UNIVERSITY_NAME
American Military University,UNIVERSITY_NAME
GRAND CANYON UNIVERSITY,UNIVERSITY_NAME
Ultimate Medical Academy Online,UNIVERSITY_NAME
American Public University,UNIVERSITY_NAME
American Military University,UNIVERSITY_NAME
GRAND CANYON UNIVERSITY,UNIVERSITY_NAME
Ultimate Medical Academy Online,UNIVERSITY_NAME
American Public University,UNIVERSITY_NAME
American Military University,UNIVERSITY_NAME
GRAND CANYON UNIVERSITY,UNIVERSITY_NAME
Ultimate Medical Academy Online,UNIVERSITY_NAME
American Public University,UNIVERSITY_NAME
American Military University,UNIVERSITY_NAME
GRAND CANYON UNIVERSITY,UNIVERSITY_NAME
Ultimate Medical Academy Online,UNIVERSITY_NAME
American Public University,UNIVERSITY_NAME
American Military University,UNIVERSITY_NAME
GRAND CANYON UNIVERSITY,UNIVERSITY_NAME
Ultimate Medical Academy Online,UNIVERSITY_NAME
American Public University,UNIVERSITY_NAME
American Military University,UNIVERSITY_NAME
GRAND CANYON UNIVERSITY,UNIVERSITY_NAME
Ultimate Medical Academy Online,UNIVERSITY_NAME
American Public University,UNIVERSITY_NAME
American Military University,UNIVERSITY_NAME
GRAND CANYON UNIVERSITY,UNIVERSITY_NAME
Ultimate Medical Academy Online,UNIVERSITY_NAME
American Public University,UNIVERSITY_NAME
American Military University,UNIVERSITY_NAME
GRAND CANYON UNIVERSITY,UNIVERSITY_NAME
Ultimate Medical Academy Online,UNIVERSITY_NAME
American Public University,UNIVERSITY_NAME
American Military University,UNIVERSITY_NAME
GRAND CANYON UNIVERSITY,UNIVERSITY_NAME
Ultimate Medical Academy Online,UNIVERSITY_NAME
American Public University,UNIVERSITY_NAME
American Military University,UNIVERSITY_NAME
GRAND CANYON UNIVERSITY,UNIVERSITY_NAME
Ultimate Medical Academy Online,UNIVERSITY_NAME
American Public University,UNIVERSITY_NAME
American Military University,UNIVERSITY_NAME
GRAND CANYON UNIVERSITY,UNIVERSITY_NAME
Ultimate Medical Academy Online,UNIVERSITY_NAME
American Public University,UNIVERSITY_NAME
American Military University,UNIVERSITY_NAME
GRAND CANYON UNIVERSITY,UNIVERSITY_NAME
Ultimate Medical Academy Online,UNIVERSITY_NAME
American Public University,UNIVERSITY_NAME
American Military University,UNIVERSITY_NAME
GRAND CANYON UNIVERSITY,UNIVERSITY_NAME
Ultimate Medical Academy Online,UNIVERSITY_NAME
American Public University,UNIVERSITY_NAME
American Military University,UNIVERSITY_NAME
GRAND CANYON UNIVERSITY,UNIVERSITY_NAME
Ultimate Medical Academy Online,UNIVERSITY_NAME
American Public University,UNIVERSITY_NAME
American Military University,UNIVERSITY_NAME
Ima Test,STUDENT_NAME
7/7/XXXX,STUDENT_DOB
4371929,STUDENT_ID
20266119,STUDENT_ID
4495671,STUDENT_ID
7/7/1977,STUDENT_DOB
4.00,STUDENT_GPA
4504671,STUDENT_ID
8/24/1988,STUDENT_DOB
2.40,STUDENT_GPA
Ima Test,STUDENT_NAME
7/7/XXXX,STUDENT_DOB
4371929,STUDENT_ID
20266119,STUDENT_ID
4495671,STUDENT_ID
7/7/1977,STUDENT_DOB
4.00,STUDENT_GPA
4504671,STUDENT_ID
8/24/1988,STUDENT_DOB
2.40,STUDENT_GPA
Ima Test,STUDENT_NAME
7/7/XXXX,STUDENT_DOB
4371929,STUDENT_ID
20266119,STUDENT_ID
4495671,STUDENT_ID
7/7/1977,STUDENT_DOB
4.00,STUDENT_GPA
4504671,STUDENT_ID
8/24/1988,STUDENT_DOB
2.40,STUDENT_GPA
Ima Test,STUDENT_NAME
7/7/XXXX,STUDENT_DOB
4371929,STUDENT_ID
20266119,STUDENT_ID
4495671,STUDENT_ID
7/7/1977,STUDENT_DOB
4.00,STUDENT_GPA
4504671,STUDENT_ID
8/24/1988,STUDENT_DOB
2.40,STUDENT_GPA
Ima Test,STUDENT_NAME
7/7/XXXX,STUDENT_DOB
4371929,STUDENT_ID
20266119,STUDENT_ID
4495671,STUDENT_ID
7/7/1977,STUDENT_DOB
4.00,STUDENT_GPA
4504671,STUDENT_ID
8/24/1988,STUDENT_DOB
2.40,STUDENT_GPA
Ima Test,STUDENT_NAME
7/7/XXXX,STUDENT_DOB
4371929,STUDENT_ID
20266119,STUDENT_ID
4495671,STUDENT_ID
7/7/1977,STUDENT_DOB
4.00,STUDENT_GPA
4504671,STUDENT_ID
8/24/1988,STUDENT_DOB
2.40,STUDENT_GPA
Ima Test,STUDENT_NAME
7/7/XXXX,STUDENT_DOB
4371929,STUDENT_ID
20266119,STUDENT_ID
4495671,STUDENT_ID
7/7/1977,STUDENT_DOB
4.00,STUDENT_GPA
4504671,STUDENT_ID
8/24/1988,STUDENT_DOB
2.40,STUDENT_GPA
Ima Test,STUDENT_NAME
7/7/XXXX,STUDENT_DOB
4371929,STUDENT_ID
20266119,STUDENT_ID
4495671,STUDENT_ID
7/7/1977,STUDENT_DOB
4.00,STUDENT_GPA
4504671,STUDENT_ID
8/24/1988,STUDENT_DOB
2.40,STUDENT_GPA
Ima Test,STUDENT_NAME
7/7/XXXX,STUDENT_DOB
4371929,STUDENT_ID
20266119,STUDENT_ID
4495671,STUDENT_ID
7/7/1977,STUDENT_DOB
4.00,STUDENT_GPA
4504671,STUDENT_ID
8/24/1988,STUDENT_DOB
2.40,STUDENT_GPA
Ima Test,STUDENT_NAME
7/7/XXXX,STUDENT_DOB
4371929,STUDENT_ID
20266119,STUDENT_ID
4495671,STUDENT_ID
7/7/1977,STUDENT_DOB
4.00,STUDENT_GPA
4504671,STUDENT_ID
8/24/1988,STUDENT_DOB
2.40,STUDENT_GPA
Ima Test,STUDENT_NAME
7/7/XXXX,STUDENT_DOB
4371929,STUDENT_ID
20266119,STUDENT_ID
4495671,STUDENT_ID
7/7/1977,STUDENT_DOB
4.00,STUDENT_GPA
4504671,STUDENT_ID
8/24/1988,STUDENT_DOB
2.40,STUDENT_GPA
Ima Test,STUDENT_NAME
7/7/XXXX,STUDENT_DOB
4371929,STUDENT_ID
20266119,STUDENT_ID
4495671,STUDENT_ID
7/7/1977,STUDENT_DOB
4.00,STUDENT_GPA
4504671,STUDENT_ID
8/24/1988,STUDENT_DOB
2.40,STUDENT_GPA
Ima Test,STUDENT_NAME
7/7/XXXX,STUDENT_DOB
4371929,STUDENT_ID
20266119,STUDENT_ID
4495671,STUDENT_ID
7/7/1977,STUDENT_DOB
4.00,STUDENT_GPA
4504671,STUDENT_ID
8/24/1988,STUDENT_DOB
2.40,STUDENT_GPA
Ima Test,STUDENT_NAME
7/7/XXXX,STUDENT_DOB
4371929,STUDENT_ID
20266119,STUDENT_ID
4495671,STUDENT_ID
7/7/1977,STUDENT_DOB
4.00,STUDENT_GPA
4504671,STUDENT_ID
8/24/1988,STUDENT_DOB
2.40,STUDENT_GPA
Ima Test,STUDENT_NAME
7/7/XXXX,STUDENT_DOB
4371929,STUDENT_ID
20266119,STUDENT_ID
4495671,STUDENT_ID
7/7/1977,STUDENT_DOB
4.00,STUDENT_GPA
4504671,STUDENT_ID
8/24/1988,STUDENT_DOB
2.40,STUDENT_GPA
Ima Test,STUDENT_NAME
7/7/XXXX,STUDENT_DOB
4371929,STUDENT_ID
20266119,STUDENT_ID
4495671,STUDENT_ID
7/7/1977,STUDENT_DOB
4.00,STUDENT_GPA
4504671,STUDENT_ID
8/24/1988,STUDENT_DOB
2.40,STUDENT_GPA
Ima Test,STUDENT_NAME
7/7/XXXX,STUDENT_DOB
4371929,STUDENT_ID
20266119,STUDENT_ID
4495671,STUDENT_ID
7/7/1977,STUDENT_DOB
4.00,STUDENT_GPA
4504671,STUDENT_ID
8/24/1988,STUDENT_DOB
2.40,STUDENT_GPA
Ima Test,STUDENT_NAME
7/7/XXXX,STUDENT_DOB
4371929,STUDENT_ID
20266119,STUDENT_ID
4495671,STUDENT_ID
7/7/1977,STUDENT_DOB
4.00,STUDENT_GPA
4504671,STUDENT_ID
8/24/1988,STUDENT_DOB
2.40,STUDENT_GPA
Ima Test,STUDENT_NAME
7/7/XXXX,STUDENT_DOB
4371929,STUDENT_ID
20266119,STUDENT_ID
4495671,STUDENT_ID
7/7/1977,STUDENT_DOB
4.00,STUDENT_GPA
4504671,STUDENT_ID
8/24/1988,STUDENT_DOB
2.40,STUDENT_GPA
Ima Test,STUDENT_NAME
7/7/XXXX,STUDENT_DOB
4371929,STUDENT_ID
20266119,STUDENT_ID
4495671,STUDENT_ID
7/7/1977,STUDENT_DOB
4.00,STUDENT_GPA
4504671,STUDENT_ID
8/24/1988,STUDENT_DOB
2.40,STUDENT_GPA
Ima Test,STUDENT_NAME
7/7/XXXX,STUDENT_DOB
4371929,STUDENT_ID
20266119,STUDENT_ID
4495671,STUDENT_ID
7/7/1977,STUDENT_DOB
4.00,STUDENT_GPA
4504671,STUDENT_ID
8/24/1988,STUDENT_DOB
2.40,STUDENT_GPA
Ima Test,STUDENT_NAME
7/7/XXXX,STUDENT_DOB
4371929,STUDENT_ID
20266119,STUDENT_ID
4495671,STUDENT_ID
7/7/1977,STUDENT_DOB
4.00,STUDENT_GPA
4504671,STUDENT_ID
8/24/1988,STUDENT_DOB
2.40,STUDENT_GPA
Ima Test,STUDENT_NAME
7/7/XXXX,STUDENT_DOB
4371929,STUDENT_ID
20266119,STUDENT_ID
4495671,STUDENT_ID
7/7/1977,STUDENT_DOB
4.00,STUDENT_GPA
4504671,STUDENT_ID
8/24/1988,STUDENT_DOB
2.40,STUDENT_GPA
Ima Test,STUDENT_NAME
7/7/XXXX,STUDENT_DOB
4371929,STUDENT_ID
20266119,STUDENT_ID
4495671,STUDENT_ID
7/7/1977,STUDENT_DOB
4.00,STUDENT_GPA
4504671,STUDENT_ID
8/24/1988,STUDENT_DOB
2.40,STUDENT_GPA
Ima Test,STUDENT_NAME
7/7/XXXX,STUDENT_DOB
4371929,STUDENT_ID
20266119,STUDENT_ID
4495671,STUDENT_ID
7/7/1977,STUDENT_DOB
4.00,STUDENT_GPA
4504671,STUDENT_ID
8/24/1988,STUDENT_DOB
2.40,STUDENT_GPA
Ima Test,STUDENT_NAME
7/7/XXXX,STUDENT_DOB
4371929,STUDENT_ID
20266119,STUDENT_ID
4495671,STUDENT_ID
7/7/1977,STUDENT_DOB
4.00,STUDENT_GPA
4504671,STUDENT_ID
8/24/1988,STUDENT_DOB
2.40,STUDENT_GPA
Ima Test,STUDENT_NAME
7/7/XXXX,STUDENT_DOB
4371929,STUDENT_ID
20266119,STUDENT_ID
4495671,STUDENT_ID
7/7/1977,STUDENT_DOB
4.00,STUDENT_GPA
4504671,STUDENT_ID
8/24/1988,STUDENT_DOB
2.40,STUDENT_GPA
Ima Test,STUDENT_NAME
7/7/XXXX,STUDENT_DOB
4371929,STUDENT_ID
20266119,STUDENT_ID
4495671,STUDENT_ID
7/7/1977,STUDENT_DOB
4.00,STUDENT_GPA
4504671,STUDENT_ID
8/24/1988,STUDENT_DOB
2.40,STUDENT_GPA
Ima Test,STUDENT_NAME
7/7/XXXX,STUDENT_DOB
4371929,STUDENT_ID
20266119,STUDENT_ID
4495671,STUDENT_ID
7/7/1977,STUDENT_DOB
4.00,STUDENT_GPA
4504671,STUDENT_ID
8/24/1988,STUDENT_DOB
2.40,STUDENT_GPA
Ima Test,STUDENT_NAME
7/7/XXXX,STUDENT_DOB
4371929,STUDENT_ID
20266119,STUDENT_ID
4495671,STUDENT_ID
7/7/1977,STUDENT_DOB
4.00,STUDENT_GPA
4504671,STUDENT_ID
8/24/1988,STUDENT_DOB
2.40,STUDENT_GPA
Ima Test,STUDENT_NAME
7/7/XXXX,STUDENT_DOB
4371929,STUDENT_ID
20266119,STUDENT_ID
4495671,STUDENT_ID
7/7/1977,STUDENT_DOB
4.00,STUDENT_GPA
4504671,STUDENT_ID
8/24/1988,STUDENT_DOB
2.40,STUDENT_GPA
Ima Test,STUDENT_NAME
7/7/XXXX,STUDENT_DOB
4371929,STUDENT_ID
20266119,STUDENT_ID
4495671,STUDENT_ID
7/7/1977,STUDENT_DOB
4.00,STUDENT_GPA
4504671,STUDENT_ID
8/24/1988,STUDENT_DOB
2.40,STUDENT_GPA
Ima Test,STUDENT_NAME
7/7/XXXX,STUDENT_DOB
4371929,STUDENT_ID
20266119,STUDENT_ID
4495671,STUDENT_ID
7/7/1977,STUDENT_DOB
4.00,STUDENT_GPA
4504671,STUDENT_ID
8/24/1988,STUDENT_DOB
2.40,STUDENT_GPA
Ima Test,STUDENT_NAME
7/7/XXXX,STUDENT_DOB
4371929,STUDENT_ID
20266119,STUDENT_ID
4495671,STUDENT_ID
7/7/1977,STUDENT_DOB
4.00,STUDENT_GPA
4504671,STUDENT_ID
8/24/1988,STUDENT_DOB
2.40,STUDENT_GPA
Ima Test,STUDENT_NAME
7/7/XXXX,STUDENT_DOB
4371929,STUDENT_ID
20266119,STUDENT_ID
4495671,STUDENT_ID
7/7/1977,STUDENT_DOB
4.00,STUDENT_GPA
4504671,STUDENT_ID
8/24/1988,STUDENT_DOB
2.40,STUDENT_GPA
Ima Test,STUDENT_NAME
7/7/XXXX,STUDENT_DOB
4371929,STUDENT_ID
20266119,STUDENT_ID
4495671,STUDENT_ID
7/7/1977,STUDENT_DOB
4.00,STUDENT_GPA
4504671,STUDENT_ID
8/24/1988,STUDENT_DOB
2.40,STUDENT_GPA
Ima Test,STUDENT_NAME
7/7/XXXX,STUDENT_DOB
4371929,STUDENT_ID
20266119,STUDENT_ID
4495671,STUDENT_ID
7/7/1977,STUDENT_DOB
4.00,STUDENT_GPA
4504671,STUDENT_ID
8/24/1988,STUDENT_DOB
2.40,STUDENT_GPA
Ima Test,STUDENT_NAME
7/7/XXXX,STUDENT_DOB
4371929,STUDENT_ID
20266119,STUDENT_ID
4495671,STUDENT_ID
7/7/1977,STUDENT_DOB
4.00,STUDENT_GPA
4504671,STUDENT_ID
8/24/1988,STUDENT_DOB
2.40,STUDENT_GPA
Ima Test,STUDENT_NAME
7/7/XXXX,STUDENT_DOB
4371929,STUDENT_ID
20266119,STUDENT_ID
4495671,STUDENT_ID
7/7/1977,STUDENT_DOB
4.00,STUDENT_GPA
4504671,STUDENT_ID
8/24/1988,STUDENT_DOB
2.40,STUDENT_GPA
Ima Test,STUDENT_NAME
7/7/XXXX,STUDENT_DOB
4371929,STUDENT_ID
20266119,STUDENT_ID
4495671,STUDENT_ID
7/7/1977,STUDENT_DOB
4.00,STUDENT_GPA
4504671,STUDENT_ID
8/24/1988,STUDENT_DOB
2.40,STUDENT_GPA
Ima Test,STUDENT_NAME
7/7/XXXX,STUDENT_DOB
4371929,STUDENT_ID
20266119,STUDENT_ID
4495671,STUDENT_ID
7/7/1977,STUDENT_DOB
4.00,STUDENT_GPA
4504671,STUDENT_ID
8/24/1988,STUDENT_DOB
2.40,STUDENT_GPA
Ima Test,STUDENT_NAME
7/7/XXXX,STUDENT_DOB
4371929,STUDENT_ID
20266119,STUDENT_ID
4495671,STUDENT_ID
7/7/1977,STUDENT_DOB
4.00,STUDENT_GPA
4504671,STUDENT_ID
8/24/1988,STUDENT_DOB
2.40,STUDENT_GPA
Ima Test,STUDENT_NAME
7/7/XXXX,STUDENT_DOB
4371929,STUDENT_ID
20266119,STUDENT_ID
4495671,STUDENT_ID
7/7/1977,STUDENT_DOB
4.00,STUDENT_GPA
4504671,STUDENT_ID
8/24/1988,STUDENT_DOB
2.40,STUDENT_GPA
Ima Test,STUDENT_NAME
7/7/XXXX,STUDENT_DOB
4371929,STUDENT_ID
20266119,STUDENT_ID
4495671,STUDENT_ID
7/7/1977,STUDENT_DOB
4.00,STUDENT_GPA
4504671,STUDENT_ID
8/24/1988,STUDENT_DOB
2.40,STUDENT_GPA
Ima Test,STUDENT_NAME
7/7/XXXX,STUDENT_DOB
4371929,STUDENT_ID
20266119,STUDENT_ID
4495671,STUDENT_ID
7/7/1977,STUDENT_DOB
4.00,STUDENT_GPA
4504671,STUDENT_ID
8/24/1988,STUDENT_DOB
2.40,STUDENT_GPA
Ima Test,STUDENT_NAME
7/7/XXXX,STUDENT_DOB
4371929,STUDENT_ID
20266119,STUDENT_ID
4495671,STUDENT_ID
7/7/1977,STUDENT_DOB
4.00,STUDENT_GPA
4504671,STUDENT_ID
8/24/1988,STUDENT_DOB
2.40,STUDENT_GPA
Ima Test,STUDENT_NAME
7/7/XXXX,STUDENT_DOB
4371929,STUDENT_ID
20266119,STUDENT_ID
4495671,STUDENT_ID
7/7/1977,STUDENT_DOB
4.00,STUDENT_GPA
4504671,STUDENT_ID
8/24/1988,STUDENT_DOB
2.40,STUDENT_GPA
Ima Test,STUDENT_NAME
7/7/XXXX,STUDENT_DOB
4371929,STUDENT_ID
20266119,STUDENT_ID
4495671,STUDENT_ID
7/7/1977,STUDENT_DOB
4.00,STUDENT_GPA
4504671,STUDENT_ID
8/24/1988,STUDENT_DOB
2.40,STUDENT_GPA
Ima Test,STUDENT_NAME
7/7/XXXX,STUDENT_DOB
4371929,STUDENT_ID
20266119,STUDENT_ID
4495671,STUDENT_ID
7/7/1977,STUDENT_DOB
4.00,STUDENT_GPA
4504671,STUDENT_ID
8/24/1988,STUDENT_DOB
2.40,STUDENT_GPA
Ima Test,STUDENT_NAME
7/7/XXXX,STUDENT_DOB
4371929,STUDENT_ID
20266119,STUDENT_ID
4495671,STUDENT_ID
7/7/1977,STUDENT_DOB
4.00,STUDENT_GPA
4504671,STUDENT_ID
8/24/1988,STUDENT_DOB
2.40,STUDENT_GPA
Ima Test,STUDENT_NAME
7/7/XXXX,STUDENT_DOB
4371929,STUDENT_ID
20266119,STUDENT_ID
4495671,STUDENT_ID
7/7/1977,STUDENT_DOB
4.00,STUDENT_GPA
4504671,STUDENT_ID
8/24/1988,STUDENT_DOB
2.40,STUDENT_GPA
Ima Test,STUDENT_NAME
7/7/XXXX,STUDENT_DOB
4371929,STUDENT_ID
20266119,STUDENT_ID
4495671,STUDENT_ID
7/7/1977,STUDENT_DOB
4.00,STUDENT_GPA
4504671,STUDENT_ID
8/24/1988,STUDENT_DOB
2.40,STUDENT_GPA
Ima Test,STUDENT_NAME
7/7/XXXX,STUDENT_DOB
4371929,STUDENT_ID
20266119,STUDENT_ID
4495671,STUDENT_ID
7/7/1977,STUDENT_DOB
4.00,STUDENT_GPA
4504671,STUDENT_ID
8/24/1988,STUDENT_DOB
2.40,STUDENT_GPA
Ima Test,STUDENT_NAME
7/7/XXXX,STUDENT_DOB
4371929,STUDENT_ID
20266119,STUDENT_ID
4495671,STUDENT_ID
7/7/1977,STUDENT_DOB
4.00,STUDENT_GPA
4504671,STUDENT_ID
8/24/1988,STUDENT_DOB
2.40,STUDENT_GPA
Ima Test,STUDENT_NAME
7/7/XXXX,STUDENT_DOB
4371929,STUDENT_ID
20266119,STUDENT_ID
4495671,STUDENT_ID
7/7/1977,STUDENT_DOB
4.00,STUDENT_GPA
4504671,STUDENT_ID
8/24/1988,STUDENT_DOB
2.40,STUDENT_GPA
Ima Test,STUDENT_NAME
7/7/XXXX,STUDENT_DOB
4371929,STUDENT_ID
20266119,STUDENT_ID
4495671,STUDENT_ID
7/7/1977,STUDENT_DOB
4.00,STUDENT_GPA
4504671,STUDENT_ID
8/24/1988,STUDENT_DOB
2.40,STUDENT_GPA
Ima Test,STUDENT_NAME
7/7/XXXX,STUDENT_DOB
4371929,STUDENT_ID
20266119,STUDENT_ID
4495671,STUDENT_ID
7/7/1977,STUDENT_DOB
4.00,STUDENT_GPA
4504671,STUDENT_ID
8/24/1988,STUDENT_DOB
2.40,STUDENT_GPA
Ima Test,STUDENT_NAME
7/7/XXXX,STUDENT_DOB
4371929,STUDENT_ID
20266119,STUDENT_ID
4495671,STUDENT_ID
7/7/1977,STUDENT_DOB
4.00,STUDENT_GPA
4504671,STUDENT_ID
8/24/1988,STUDENT_DOB
2.40,STUDENT_GPA
Ima Test,STUDENT_NAME
7/7/XXXX,STUDENT_DOB
4371929,STUDENT_ID
20266119,STUDENT_ID
4495671,STUDENT_ID
7/7/1977,STUDENT_DOB
4.00,STUDENT_GPA
4504671,STUDENT_ID
8/24/1988,STUDENT_DOB
2.40,STUDENT_GPA
Ima Test,STUDENT_NAME
7/7/XXXX,STUDENT_DOB
4371929,STUDENT_ID
20266119,STUDENT_ID
4495671,STUDENT_ID
7/7/1977,STUDENT_DOB
4.00,STUDENT_GPA
4504671,STUDENT_ID
8/24/1988,STUDENT_DOB
2.40,STUDENT_GPA
Ima Test,STUDENT_NAME
7/7/XXXX,STUDENT_DOB
4371929,STUDENT_ID
20266119,STUDENT_ID
4495671,STUDENT_ID
7/7/1977,STUDENT_DOB
4.00,STUDENT_GPA
4504671,STUDENT_ID
8/24/1988,STUDENT_DOB
2.40,STUDENT_GPA
Ima Test,STUDENT_NAME
7/7/XXXX,STUDENT_DOB
4371929,STUDENT_ID
20266119,STUDENT_ID
4495671,STUDENT_ID
7/7/1977,STUDENT_DOB
4.00,STUDENT_GPA
4504671,STUDENT_ID
8/24/1988,STUDENT_DOB
2.40,STUDENT_GPA
Ima Test,STUDENT_NAME
7/7/XXXX,STUDENT_DOB
4371929,STUDENT_ID
20266119,STUDENT_ID
4495671,STUDENT_ID
7/7/1977,STUDENT_DOB
4.00,STUDENT_GPA
4504671,STUDENT_ID
8/24/1988,STUDENT_DOB
2.40,STUDENT_GPA
Ima Test,STUDENT_NAME
7/7/XXXX,STUDENT_DOB
4371929,STUDENT_ID
20266119,STUDENT_ID
4495671,STUDENT_ID
7/7/1977,STUDENT_DOB
4.00,STUDENT_GPA
4504671,STUDENT_ID
8/24/1988,STUDENT_DOB
2.40,STUDENT_GPA
Ima Test,STUDENT_NAME
7/7/XXXX,STUDENT_DOB
4371929,STUDENT_ID
20266119,STUDENT_ID
4495671,STUDENT_ID
7/7/1977,STUDENT_DOB
4.00,STUDENT_GPA
4504671,STUDENT_ID
8/24/1988,STUDENT_DOB
2.40,STUDENT_GPA
Ima Test,STUDENT_NAME
7/7/XXXX,STUDENT_DOB
4371929,STUDENT_ID
20266119,STUDENT_ID
4495671,STUDENT_ID
7/7/1977,STUDENT_DOB
4.00,STUDENT_GPA
4504671,STUDENT_ID
8/24/1988,STUDENT_DOB
2.40,STUDENT_GPA
Ima Test,STUDENT_NAME
7/7/XXXX,STUDENT_DOB
4371929,STUDENT_ID
20266119,STUDENT_ID
4495671,STUDENT_ID
7/7/1977,STUDENT_DOB
4.00,STUDENT_GPA
4504671,STUDENT_ID
8/24/1988,STUDENT_DOB
2.40,STUDENT_GPA
Ima Test,STUDENT_NAME
7/7/XXXX,STUDENT_DOB
4371929,STUDENT_ID
20266119,STUDENT_ID
4495671,STUDENT_ID
7/7/1977,STUDENT_DOB
4.00,STUDENT_GPA
4504671,STUDENT_ID
8/24/1988,STUDENT_DOB
2.40,STUDENT_GPA
Ima Test,STUDENT_NAME
7/7/XXXX,STUDENT_DOB
4371929,STUDENT_ID
20266119,STUDENT_ID
4495671,STUDENT_ID
7/7/1977,STUDENT_DOB
4.00,STUDENT_GPA
4504671,STUDENT_ID
8/24/1988,STUDENT_DOB
2.40,STUDENT_GPA
Ima Test,STUDENT_NAME
7/7/XXXX,STUDENT_DOB
4371929,STUDENT_ID
20266119,STUDENT_ID
4495671,STUDENT_ID
7/7/1977,STUDENT_DOB
4.00,STUDENT_GPA
4504671,STUDENT_ID
8/24/1988,STUDENT_DOB
2.40,STUDENT_GPA
Ima Test,STUDENT_NAME
7/7/XXXX,STUDENT_DOB
4371929,STUDENT_ID
20266119,STUDENT_ID
4495671,STUDENT_ID
7/7/1977,STUDENT_DOB
4.00,STUDENT_GPA
4504671,STUDENT_ID
8/24/1988,STUDENT_DOB
2.40,STUDENT_GPA
Ima Test,STUDENT_NAME
7/7/XXXX,STUDENT_DOB
4371929,STUDENT_ID
20266119,STUDENT_ID
4495671,STUDENT_ID
7/7/1977,STUDENT_DOB
4.00,STUDENT_GPA
4504671,STUDENT_ID
8/24/1988,STUDENT_DOB
2.40,STUDENT_GPA
Ima Test,STUDENT_NAME
7/7/XXXX,STUDENT_DOB
4371929,STUDENT_ID
20266119,STUDENT_ID
4495671,STUDENT_ID
7/7/1977,STUDENT_DOB
4.00,STUDENT_GPA
4504671,STUDENT_ID
8/24/1988,STUDENT_DOB
2.40,STUDENT_GPA
Ima Test,STUDENT_NAME
7/7/XXXX,STUDENT_DOB
4371929,STUDENT_ID
20266119,STUDENT_ID
4495671,STUDENT_ID
7/7/1977,STUDENT_DOB
4.00,STUDENT_GPA
4504671,STUDENT_ID
8/24/1988,STUDENT_DOB
2.40,STUDENT_GPA
Ima Test,STUDENT_NAME
7/7/XXXX,STUDENT_DOB
4371929,STUDENT_ID
20266119,STUDENT_ID
4495671,STUDENT_ID
7/7/1977,STUDENT_DOB
4.00,STUDENT_GPA
4504671,STUDENT_ID
8/24/1988,STUDENT_DOB
2.40,STUDENT_GPA
Ima Test,STUDENT_NAME
7/7/XXXX,STUDENT_DOB
4371929,STUDENT_ID
20266119,STUDENT_ID
4495671,STUDENT_ID
7/7/1977,STUDENT_DOB
4.00,STUDENT_GPA
4504671,STUDENT_ID
8/24/1988,STUDENT_DOB
2.40,STUDENT_GPA
Ima Test,STUDENT_NAME
7/7/XXXX,STUDENT_DOB
4371929,STUDENT_ID
20266119,STUDENT_ID
4495671,STUDENT_ID
7/7/1977,STUDENT_DOB
4.00,STUDENT_GPA
4504671,STUDENT_ID
8/24/1988,STUDENT_DOB
2.40,STUDENT_GPA
Ima Test,STUDENT_NAME
7/7/XXXX,STUDENT_DOB
4371929,STUDENT_ID
20266119,STUDENT_ID
4495671,STUDENT_ID
7/7/1977,STUDENT_DOB
4.00,STUDENT_GPA
4504671,STUDENT_ID
8/24/1988,STUDENT_DOB
2.40,STUDENT_GPA
Ima Test,STUDENT_NAME
7/7/XXXX,STUDENT_DOB
4371929,STUDENT_ID
20266119,STUDENT_ID
4495671,STUDENT_ID
7/7/1977,STUDENT_DOB
4.00,STUDENT_GPA
4504671,STUDENT_ID
8/24/1988,STUDENT_DOB
2.40,STUDENT_GPA
Ima Test,STUDENT_NAME
7/7/XXXX,STUDENT_DOB
4371929,STUDENT_ID
20266119,STUDENT_ID
4495671,STUDENT_ID
7/7/1977,STUDENT_DOB
4.00,STUDENT_GPA
4504671,STUDENT_ID
8/24/1988,STUDENT_DOB
2.40,STUDENT_GPA
Ima Test,STUDENT_NAME
7/7/XXXX,STUDENT_DOB
4371929,STUDENT_ID
20266119,STUDENT_ID
4495671,STUDENT_ID
7/7/1977,STUDENT_DOB
4.00,STUDENT_GPA
4504671,STUDENT_ID
8/24/1988,STUDENT_DOB
2.40,STUDENT_GPA
Ima Test,STUDENT_NAME
7/7/XXXX,STUDENT_DOB
4371929,STUDENT_ID
20266119,STUDENT_ID
4495671,STUDENT_ID
7/7/1977,STUDENT_DOB
4.00,STUDENT_GPA
4504671,STUDENT_ID
8/24/1988,STUDENT_DOB
2.40,STUDENT_GPA
Ima Test,STUDENT_NAME
7/7/XXXX,STUDENT_DOB
4371929,STUDENT_ID
20266119,STUDENT_ID
4495671,STUDENT_ID
7/7/1977,STUDENT_DOB
4.00,STUDENT_GPA
4504671,STUDENT_ID
8/24/1988,STUDENT_DOB
2.40,STUDENT_GPA
Ima Test,STUDENT_NAME
7/7/XXXX,STUDENT_DOB
4371929,STUDENT_ID
20266119,STUDENT_ID
4495671,STUDENT_ID
7/7/1977,STUDENT_DOB
4.00,STUDENT_GPA
4504671,STUDENT_ID
8/24/1988,STUDENT_DOB
2.40,STUDENT_GPA
Ima Test,STUDENT_NAME
7/7/XXXX,STUDENT_DOB
4371929,STUDENT_ID
20266119,STUDENT_ID
4495671,STUDENT_ID
7/7/1977,STUDENT_DOB
4.00,STUDENT_GPA
4504671,STUDENT_ID
8/24/1988,STUDENT_DOB
2.40,STUDENT_GPA
Ima Test,STUDENT_NAME
7/7/XXXX,STUDENT_DOB
4371929,STUDENT_ID
20266119,STUDENT_ID
4495671,STUDENT_ID
7/7/1977,STUDENT_DOB
4.00,STUDENT_GPA
4504671,STUDENT_ID
8/24/1988,STUDENT_DOB
2.40,STUDENT_GPA
Ima Test,STUDENT_NAME
7/7/XXXX,STUDENT_DOB
4371929,STUDENT_ID
20266119,STUDENT_ID
4495671,STUDENT_ID
7/7/1977,STUDENT_DOB
4.00,STUDENT_GPA
4504671,STUDENT_ID
8/24/1988,STUDENT_DOB
2.40,STUDENT_GPA
Ima Test,STUDENT_NAME
7/7/XXXX,STUDENT_DOB
4371929,STUDENT_ID
20266119,STUDENT_ID
4495671,STUDENT_ID
7/7/1977,STUDENT_DOB
4.00,STUDENT_GPA
4504671,STUDENT_ID
8/24/1988,STUDENT_DOB
2.40,STUDENT_GPA
Ima Test,STUDENT_NAME
7/7/XXXX,STUDENT_DOB
4371929,STUDENT_ID
20266119,STUDENT_ID
4495671,STUDENT_ID
7/7/1977,STUDENT_DOB
4.00,STUDENT_GPA
4504671,STUDENT_ID
8/24/1988,STUDENT_DOB
2.40,STUDENT_GPA
Ima Test,STUDENT_NAME
7/7/XXXX,STUDENT_DOB
4371929,STUDENT_ID
20266119,STUDENT_ID
4495671,STUDENT_ID
7/7/1977,STUDENT_DOB
4.00,STUDENT_GPA
4504671,STUDENT_ID
8/24/1988,STUDENT_DOB
2.40,STUDENT_GPA
Ima Test,STUDENT_NAME
7/7/XXXX,STUDENT_DOB
4371929,STUDENT_ID
20266119,STUDENT_ID
4495671,STUDENT_ID
7/7/1977,STUDENT_DOB
4.00,STUDENT_GPA
4504671,STUDENT_ID
8/24/1988,STUDENT_DOB
2.40,STUDENT_GPA
Ima Test,STUDENT_NAME
7/7/XXXX,STUDENT_DOB
4371929,STUDENT_ID
20266119,STUDENT_ID
4495671,STUDENT_ID
7/7/1977,STUDENT_DOB
4.00,STUDENT_GPA
4504671,STUDENT_ID
8/24/1988,STUDENT_DOB
2.40,STUDENT_GPA
Ima Test,STUDENT_NAME
7/7/XXXX,STUDENT_DOB
4371929,STUDENT_ID
20266119,STUDENT_ID
4495671,STUDENT_ID
7/7/1977,STUDENT_DOB
4.00,STUDENT_GPA
4504671,STUDENT_ID
8/24/1988,STUDENT_DOB
2.40,STUDENT_GPA
Ima Test,STUDENT_NAME
7/7/XXXX,STUDENT_DOB
4371929,STUDENT_ID
20266119,STUDENT_ID
4495671,STUDENT_ID
7/7/1977,STUDENT_DOB
4.00,STUDENT_GPA
4504671,STUDENT_ID
8/24/1988,STUDENT_DOB
2.40,STUDENT_GPA
Ima Test,STUDENT_NAME
7/7/XXXX,STUDENT_DOB
4371929,STUDENT_ID
20266119,STUDENT_ID
4495671,STUDENT_ID
7/7/1977,STUDENT_DOB
4.00,STUDENT_GPA
4504671,STUDENT_ID
8/24/1988,STUDENT_DOB
2.40,STUDENT_GPA
Ima Test,STUDENT_NAME
7/7/XXXX,STUDENT_DOB
4371929,STUDENT_ID
20266119,STUDENT_ID
4495671,STUDENT_ID
7/7/1977,STUDENT_DOB
4.00,STUDENT_GPA
4504671,STUDENT_ID
8/24/1988,STUDENT_DOB
2.40,STUDENT_GPA
Ima Test,STUDENT_NAME
7/7/XXXX,STUDENT_DOB
4371929,STUDENT_ID
20266119,STUDENT_ID
4495671,STUDENT_ID
7/7/1977,STUDENT_DOB
4.00,STUDENT_GPA
4504671,STUDENT_ID
8/24/1988,STUDENT_DOB
2.40,STUDENT_GPA
Ima Test,STUDENT_NAME
7/7/XXXX,STUDENT_DOB
4371929,STUDENT_ID
20266119,STUDENT_ID
4495671,STUDENT_ID
7/7/1977,STUDENT_DOB
4.00,STUDENT_GPA
4504671,STUDENT_ID
8/24/1988,STUDENT_DOB
2.40,STUDENT_GPA
Ima Test,STUDENT_NAME
7/7/XXXX,STUDENT_DOB
4371929,STUDENT_ID
20266119,STUDENT_ID
4495671,STUDENT_ID
7/7/1977,STUDENT_DOB
4.00,STUDENT_GPA
4504671,STUDENT_ID
8/24/1988,STUDENT_DOB
2.40,STUDENT_GPA
Ima Test,STUDENT_NAME
7/7/XXXX,STUDENT_DOB
4371929,STUDENT_ID
20266119,STUDENT_ID
4495671,STUDENT_ID
7/7/1977,STUDENT_DOB
4.00,STUDENT_GPA
4504671,STUDENT_ID
8/24/1988,STUDENT_DOB
2.40,STUDENT_GPA
Ima Test,STUDENT_NAME
7/7/XXXX,STUDENT_DOB
4371929,STUDENT_ID
20266119,STUDENT_ID
4495671,STUDENT_ID
7/7/1977,STUDENT_DOB
4.00,STUDENT_GPA
4504671,STUDENT_ID
8/24/1988,STUDENT_DOB
2.40,STUDENT_GPA
Ima Test,STUDENT_NAME
7/7/XXXX,STUDENT_DOB
4371929,STUDENT_ID
20266119,STUDENT_ID
4495671,STUDENT_ID
7/7/1977,STUDENT_DOB
4.00,STUDENT_GPA
4504671,STUDENT_ID
8/24/1988,STUDENT_DOB
2.40,STUDENT_GPA
Ima Test,STUDENT_NAME
7/7/XXXX,STUDENT_DOB
4371929,STUDENT_ID
20266119,STUDENT_ID
4495671,STUDENT_ID
7/7/1977,STUDENT_DOB
4.00,STUDENT_GPA
4504671,STUDENT_ID
8/24/1988,STUDENT_DOB
2.40,STUDENT_GPA
Ima Test,STUDENT_NAME
7/7/XXXX,STUDENT_DOB
4371929,STUDENT_ID
20266119,STUDENT_ID
4495671,STUDENT_ID
7/7/1977,STUDENT_DOB
4.00,STUDENT_GPA
4504671,STUDENT_ID
8/24/1988,STUDENT_DOB
2.40,STUDENT_GPA
Ima Test,STUDENT_NAME
7/7/XXXX,STUDENT_DOB
4371929,STUDENT_ID
20266119,STUDENT_ID
4495671,STUDENT_ID
7/7/1977,STUDENT_DOB
4.00,STUDENT_GPA
4504671,STUDENT_ID
8/24/1988,STUDENT_DOB
2.40,STUDENT_GPA
Ima Test,STUDENT_NAME
7/7/XXXX,STUDENT_DOB
4371929,STUDENT_ID
20266119,STUDENT_ID
4495671,STUDENT_ID
7/7/1977,STUDENT_DOB
4.00,STUDENT_GPA
4504671,STUDENT_ID
8/24/1988,STUDENT_DOB
2.40,STUDENT_GPA
